Model,Accuracy,Kappa
Logistic Regression,0.8674899073854191,0.6746675978210542
