Model,Accuracy,Kappa
Naive Bayes,0.8741391593445738,NA
Logistic Regression,0.8674899073854191,0.6746675978210542
